title,content,url,source,author,publish_date,source_links,credibility_label
"Health agency publishes weekly flu report","The national health agency published its weekly influenza report on 2026-02-12. The report describes 18400 confirmed cases and compares the number with the previous four weeks. It cites hospital data, laboratory confirmations and regional surveillance. Experts quoted in the article note that the increase is seasonal and recommend vaccination for risk groups. The article links to the full report and the public dashboard.","https://gov.pl/health/flu-weekly-report","Public health agency","Anna Kowalska","2026-02-12","https://gov.pl/report|https://gov.pl/dashboard",0.91
"University study tracks air quality changes","Researchers from a public university analysed 12 monitoring stations between 2021 and 2025. According to the peer reviewed study, average particulate pollution declined by 8 percent after new transport rules were introduced. The article includes comments from two scientists, describes the method and links to the journal paper and open dataset.","https://nature.com/articles/air-quality-study","Science journal","Marek Nowak","2026-01-21","https://nature.com/paper|https://data.example.org/air",0.88
"City council approves transport budget","The city council approved a 240 million PLN transport budget on Monday after a public vote. The article lists the projects, vote count, dates and expected construction schedule. It includes statements from the mayor and opposition councillors and links to the council resolution.","https://pap.pl/local/transport-budget","News agency","PAP local desk","2026-03-04","https://city.example.gov/resolution",0.84
"New report warns about drought risk","A climate institute report says several regions may face higher drought risk in summer 2026. The article explains the uncertainty, compares rainfall data from 1991 to 2025 and quotes hydrology experts. It avoids strong conclusions and links to the source report.","https://bbc.com/news/drought-risk-report","Public broadcaster","Laura Smith","2026-04-08","https://institute.example.org/report",0.82
"Blog: why remote work changed my company","A founder describes how remote work affected hiring, meetings and costs in a small software company. The text is transparent that it is personal experience rather than a broad study. It includes some numbers from internal surveys but does not claim universal conclusions.","https://examplefounder.blog/remote-work-company","Founder blog","Piotr Zielinski","2026-01-10","",0.62
"Opinion: electric cars are not a simple solution","The column argues that electric cars reduce local emissions but create challenges for grids and battery supply chains. It references public statistics and acknowledges counterarguments. The article is clearly labelled as opinion and does not present itself as a scientific proof.","https://credibleopinion.example.com/electric-cars","Opinion site","Katarzyna Lis","2026-02-18","https://energy.example.org/stats",0.61
"Local bakery says prices may rise","A local blog reports that bread prices may rise after interviews with three bakery owners. It gives examples of flour and energy costs but does not include official market data. The claim is plausible but limited to a small sample.","https://cityblog.example.com/bakery-prices","Local blog","City Blog Team","2026-03-12","",0.55
"Startup announces battery breakthrough","A technology blog reports a startup press release claiming a battery charges in six minutes. The article repeats company claims and mentions that independent tests are not yet available. It links to the press release but not to a peer reviewed study.","https://techdaily.example.com/battery-breakthrough","Tech blog","Adam Green","2026-02-25","https://startup.example.com/press",0.49
"Doctors hate this simple trick for perfect sleep","You will not believe what happened next. A secret method allegedly fixes sleep in one night and doctors hate it. Thousands are shocked and the truth about sleep has finally been revealed. The article gives no author, no study, no dates and only asks readers to buy a supplement now.","http://viral-secret-health.example.com/sleep-trick","Viral health page","","","",0.12
"Government hiding explosive food scandal","BREAKING scandal. They do not want you to know that common food is poison. The article says anonymous insiders revealed a huge cover up but gives no documents, dates or named experts. It uses many exclamation marks and tells readers to share before it is deleted.","http://uncensoredtruth.example.com/food-scandal","Conspiracy site","","","",0.08
"Miracle coin will make investors rich by Friday","A finance page claims a miracle coin will rise 900 percent by Friday. It says experts are terrified but does not name any expert or show market data. The text repeats urgent calls to buy now and links only to a referral page.","http://cryptonow-rumor.example.com/miracle-coin","Crypto rumor page","","","http://referral.example.com",0.10
"Celebrity secretly controls weather agency","The article claims a celebrity secretly controls a weather agency using hidden technology. It provides no evidence, no author and no external sources. The story relies on rhetorical questions, panic language and unrelated photos.","http://dailybuzz-secret.example.com/weather-control","Tabloid page","","","",0.06
"New school lunch menu introduced","A school district introduced a new lunch menu after parent consultations. The article lists dates, meal examples and comments from the district office. It does not include nutritional analysis but links to the official announcement.","https://localnews.example.com/school-lunch-menu","Local news","Joanna Wrobel","2026-04-02","https://school.example.gov/menu",0.73
"Survey suggests changing habits among students","A magazine reports that 54 percent of surveyed students use public transport more often. The article explains that the survey had 600 respondents and was conducted online. It does not publish the full questionnaire, so the finding should be treated as indicative.","https://magazine.example.com/student-transport-survey","Magazine","Research desk","2026-03-29","",0.57
"Hidden cure for every allergy discovered","The article says a hidden cure for every allergy has been discovered by independent researchers. It does not name a university, journal or clinical trial. The text uses miracle language, asks readers to distrust doctors and links to a product page.","http://secret-cure.example.com/allergy","Alternative health page","","","http://shop.example.com/cure",0.09
"Court publishes judgement in procurement case","The court published a judgement in a procurement case on 2026-01-30. The article summarises the decision, names the parties, includes the case number and links to the public judgement. It separates confirmed facts from reactions by officials.","https://reuters.com/world/europe/procurement-case","International news agency","Reuters staff","2026-01-31","https://court.example.gov/judgement",0.90
"Ministerstwo publikuje dane o bezrobociu","Ministerstwo opublikowalo raport z danymi o bezrobociu za marzec 2026 roku. Wedlug raportu stopa bezrobocia wyniosla 4,8 procent i byla nizsza o 0,2 punktu procentowego niz miesiac wczesniej. Artykul cytuje rzecznika urzedu, pokazuje metode liczenia i linkuje do tabel z danymi.","https://gov.pl/praca/bezrobocie-marzec-2026","Government portal","Departament analiz","2026-04-15","https://gov.pl/dane-bezrobocie|https://stat.gov.pl/praca",0.89
"Sad publikuje uzasadnienie wyroku","Sad okregowy opublikowal uzasadnienie wyroku w sprawie przetargu z 2025 roku. Artykul podaje sygnature sprawy, date orzeczenia i stanowiska stron. Tekst oddziela fakty z dokumentu od komentarzy prawnikow oraz linkuje do publicznego rejestru orzeczen.","https://pap.pl/prawo/wyrok-przetarg","News agency","PAP prawo","2026-02-06","https://court.example.gov/case|https://pap.pl",0.87
"Naukowcy sprawdzili skutki nowej terapii","Badacze z uniwersytetu opisali wyniki badania klinicznego na grupie 820 pacjentow. Wedlug publikacji terapia zmniejszyla liczbe nawrotow o 11 procent, ale autorzy wskazuja na ograniczenia badania. Artykul linkuje do czasopisma i rejestru badan klinicznych.","https://science.org/medicine/therapy-trial","Science journal","Medical desk","2026-03-18","https://science.org/paper|https://clinicaltrials.example.org/trial",0.86
"Komentarz: miasto powinno ograniczyc ruch aut","Autor argumentuje, ze ograniczenie ruchu aut poprawi jakosc powietrza w centrum. Tekst przywoluje dane z raportu miejskiego, ale jest wyraznie oznaczony jako komentarz. Zawiera kontrargumenty mieszkancow i nie sugeruje, ze przedstawia ostateczny dowod.","https://opinia.example.pl/ruch-aut","Opinion site","Ewa Mazur","2026-04-03","https://city.example.gov/air-report",0.64
"Blog podrozniczy opisuje ceny w Chorwacji","Autorka bloga opisuje koszty tygodniowego wyjazdu do Chorwacji w 2026 roku. Podaje ceny noclegow, paliwa i posilkow, ale zaznacza, ze to jej prywatne doswiadczenie. Brakuje szerszych danych rynkowych, wiec tekst jest uzyteczny, lecz ograniczony.","https://travelblog.example.pl/chorwacja-ceny","Travel blog","Magda Nowicka","2026-05-01","",0.58
"Portal technologiczny opisuje przeciek o telefonie","Portal informuje, ze wedlug anonimowego zrodla nowy telefon moze miec baterie 5200 mAh. Tekst zaznacza, ze producent nie potwierdzil informacji. Brakuje dokumentow i niezaleznych testow, wiec wiarygodnosc jest umiarkowana.","https://techdaily.example.com/phone-leak","Tech blog","Tech desk","2026-04-22","",0.46
"PILNE: ukrywaja prawde o wodzie w kranach","PILNE! Oni ukrywaja prawde o wodzie w kranach i nikt nie chce o tym mowic. Artykul twierdzi, ze woda jest trucizna, ale nie podaje raportu, wynikow badan ani nazw ekspertow. Tekst wzywa do natychmiastowego udostepniania zanim zostanie usuniety.","http://prawda-secret.example.com/woda","Conspiracy page","","","",0.07
"Szokujacy sekret bankow ujawniony","Szok! Banki podobno ukrywaja prosty sposob na darmowe pieniadze. Tekst obiecuje gwarantowany zysk i mowi, ze eksperci sa przerazeni, ale nie podaje nazwisk, danych ani dokumentow. Link prowadzi do platnego kursu.","http://viral-money-now.example.com/banki","Viral finance page","","","http://shop.example.com/course",0.11
"Raport fundacji o ubostwie energetycznym","Fundacja opublikowala raport o ubostwie energetycznym oparty na ankiecie 2400 gospodarstw domowych. Artykul opisuje metode, cytuje autorow i podaje, ze 17 procent respondentow ograniczalo ogrzewanie. Poniewaz raport pochodzi od organizacji pozarzadowej, warto porownac go z danymi publicznymi.","https://foundation.example.org/energy-poverty","NGO report","Research team","2026-01-28","https://foundation.example.org/report|https://stat.gov.pl/energy",0.76
"Influencer twierdzi, ze szczepionki zmieniaja DNA","Influencer twierdzi, ze szczepionki zmieniaja DNA i ze lekarze ukrywaja dowody. Nie pokazuje badan klinicznych, raportow instytucji ani wypowiedzi nazwanych ekspertow. Tekst opiera sie na strachu, pytaniach retorycznych i linku do sklepu z suplementami.","http://healthtruth-uncensored.example.com/dna","Alternative health page","","","http://shop.example.com/supplements",0.05
"Neutralna notatka o remoncie drogi","Gmina poinformowala, ze remont drogi rozpocznie sie 2026-06-03 i potrwa trzy tygodnie. Artykul podaje odcinek, koszt 1,2 miliona PLN i objazdy. Linkuje do komunikatu urzedu, ale nie zawiera szerszego kontekstu ani opinii mieszkancow.","https://localnews.example.com/remont-drogi","Local news","Redakcja lokalna","2026-05-10","https://gmina.example.gov/remont",0.72
"Tabloid: gwiazda przewidziala kryzys gospodarczy","Tabloid pisze, ze znana gwiazda przewidziala wielki kryzys gospodarczy. Artykul nie podaje danych ekonomicznych, raportow ani wypowiedzi ekspertow. Opiera sie na emocjonalnych okresleniach, plotkach i sugestywnych pytaniach.","http://dailybuzz-secret.example.com/kryzys","Tabloid page","","","",0.18
"Analysis: food prices may rise after drought","An analyst writes that food prices may rise if drought continues through summer. The article uses weather data, crop forecasts and quotes two economists. It also explains uncertainty and says the effect depends on rainfall in June and July.","https://npr.org/economy/food-prices-drought","Public broadcaster","Economy desk","2026-05-04","https://weather.example.org/data|https://agriculture.example.gov/forecast",0.80
"Press release repeats company climate claims","A company press release says its new factory is carbon neutral. The article repeats the claim and gives one emissions number, but it does not link to an audit or independent report. It should be treated as a company statement rather than verified reporting.","https://industry.example.com/factory-carbon-neutral","Industry portal","Sponsored desk","2026-04-19","https://company.example.com/press",0.42
